Admin_full_name,Admin_phone_number,Admin_email,Building_technical_contact_full_name,Building_technical_contact_phone_number,Building_technical_contact_email,Building_address
Betti Mayger,686-988-4787,jhawket0@vkontakte.ru,Jacklin Hawket,549-487-5100,jhawket0@discuz.net,60 Colorado Point
Halimeda Lismer,204-542-0893,dclewes1@hugedomains.com,Dyna Clewes,981-922-2901,dclewes1@feedburner.com,61 Paget Plaza
Angelia Shatford,201-467-5560,dkarlsen2@psu.edu,Dexter Karlsen,731-242-8335,dkarlsen2@4shared.com,171 Continental Pass
Wren Hillin,681-910-7322,vwanek3@dailymail.co.uk,Vidovic Wanek,712-568-1774,vwanek3@alibaba.com,218 Buena Vista Crossing
Isabelita Wilcox,844-880-1172,cbertelmot4@lycos.com,Calhoun Bertelmot,964-258-0221,cbertelmot4@bluehost.com,4 Dunning Terrace
Carolin Aireton,241-989-0089,mpadmore5@vimeo.com,Moises Padmore,510-168-5983,mpadmore5@virginia.edu,6 Maywood Court
Shaw Cornes,894-719-9562,omardall6@ed.gov,Olav Mardall,220-241-5784,omardall6@amazon.com,1 Clemons Terrace
Sarina Janeway,376-277-6218,kwanek7@ow.ly,Kyle Wanek,767-919-7577,kwanek7@networksolutions.com,5872 Del Sol Alley
Murvyn Eastam,999-268-5075,mmcclurg8@wsj.com,Murial McClurg,986-590-2981,mmcclurg8@spotify.com,30915 Ruskin Terrace
Linzy Bonifazio,277-439-0472,acoonihan9@cmu.edu,Arlana Coonihan,749-897-0911,acoonihan9@smugmug.com,0020 Mitchell Alley
Rafe MacFadin,628-124-5731,trichardesa@msn.com,Toinette Richardes,821-420-0998,trichardesa@shop-pro.jp,560 Hanover Junction
Domenic Flude,488-556-3708,agleaveb@earthlink.net,Afton Gleave,934-842-3310,agleaveb@1und1.de,07 Algoma Street
Clerissa Cochet,187-210-7536,vbroscombec@chicagotribune.com,Vallie Broscombe,275-185-9279,vbroscombec@craigslist.org,986 Bowman Crossing
Brose Tubble,571-285-2832,gringselld@harvard.edu,Gallagher Ringsell,447-593-2702,gringselld@typepad.com,73182 Bonner Circle
Tamra MacKay,590-637-5968,dcornicke@pagesperso-orange.fr,Deirdre Cornick,714-243-9857,dcornicke@techcrunch.com,762 Arkansas Terrace
Vyky Cheetam,665-110-9054,nwhewillf@clickbank.net,Natalie Whewill,162-421-9519,nwhewillf@noaa.gov,33 Westport Avenue
Dwain Odger,482-713-7231,rfenderg@latimes.com,Rick Fender,951-398-3474,rfenderg@usa.gov,78156 Gina Lane
Olwen St Pierre,613-517-5033,dstackh@altervista.org,Dimitry Stack,350-461-6693,dstackh@slate.com,2716 Rusk Street
Immanuel De Gregorio,933-223-3997,lgairdneri@un.org,Libbey Gairdner,221-320-5442,lgairdneri@infoseek.co.jp,49 Pepper Wood Hill
Kati MacCarlich,855-975-6929,kpiwellj@cbslocal.com,Katti Piwell,787-130-0512,kpiwellj@google.pl,56 Ruskin Hill
Katherine Dobkin,763-322-6143,hcornilsk@istockphoto.com,Hubey Cornils,467-127-4977,hcornilsk@zimbio.com,1705 Derek Street
Hilton Bannon,330-555-2661,jbusfieldl@cdbaby.com,Joan Busfield,448-237-4337,jbusfieldl@cbslocal.com,03906 Scofield Plaza
Olvan Samter,206-798-6960,ecoumbem@fc2.com,Emelda Coumbe,646-248-6603,ecoumbem@linkedin.com,66381 Debra Terrace
Bertrando Gebby,810-769-2294,ybailissn@umn.edu,Yankee Bailiss,837-915-5882,ybailissn@washingtonpost.com,9468 Sugar Court
Ana Hawkslee,737-476-0307,griddello@wufoo.com,Georgena Riddell,181-408-5209,griddello@opensource.org,846 Mandrake Way
Tonie Bockler,518-379-5784,kcoombesp@e-recht24.de,Kirbie Coombes,393-240-5027,kcoombesp@google.com.hk,803 Forest Park
Aurore Durdy,793-450-8023,pdunsterq@google.com.br,Peadar Dunster,457-447-3739,pdunsterq@telegraph.co.uk,651 Pleasure Court
Ranee Easter,147-884-5241,adooganr@mapquest.com,Amos Doogan,478-868-9145,adooganr@sitemeter.com,53426 Novick Junction
Melissa Sunnucks,131-855-1346,cpuckhams@scribd.com,Corissa Puckham,193-151-0626,cpuckhams@businesswire.com,246 Di Loreto Pass
Caro Leonards,541-294-5982,imanntschket@google.pl,Igor Manntschke,709-999-9474,imanntschket@kickstarter.com,230 Anniversary Circle
Renard Riche,378-868-3814,dswiersu@seattletimes.com,Daniele Swiers,883-880-6377,dswiersu@vk.com,07 Forest Run Crossing
Aliza Coggles,737-350-1615,cmcgrealv@de.vu,Cly McGreal,888-345-4338,cmcgrealv@who.int,7 Butterfield Drive
Dunstan Frayling,701-815-7827,plamonbyw@ameblo.jp,Portia Lamonby,884-450-3860,plamonbyw@columbia.edu,625 Starling Terrace
Marianne Flippini,370-711-8908,fmurrellx@51.la,Flint Murrell,423-330-2879,fmurrellx@wiley.com,5162 Bonner Park
Charlotta Greenshiels,996-397-0083,cstimsony@jiathis.com,Charles Stimson,481-595-4318,cstimsony@netvibes.com,35 Dexter Circle
Ansell Trussman,155-807-2308,mcowillz@mapquest.com,Miguela Cowill,283-333-9247,mcowillz@jimdo.com,60018 Eagle Crest Circle
Vania Wegman,813-862-6816,cmalarkey10@clickbank.net,Celene Malarkey,940-446-6952,cmalarkey10@elegantthemes.com,2355 Colorado Way
Cynde Simnel,737-678-6626,cmarzelo11@moonfruit.com,Clemente Marzelo,875-302-1466,cmarzelo11@goodreads.com,01868 Starling Crossing
Clareta Bamell,133-216-9867,cmackrell12@elpais.com,Chaddie Mackrell,229-257-3213,cmackrell12@java.com,7 Bluejay Way
Ainslie Scarce,541-414-0465,edymock13@ebay.co.uk,Elisabetta Dymock,865-322-1237,edymock13@edublogs.org,00322 Cody Lane
Louise Kenney,987-536-1708,gkondratenya14@themeforest.net,Gran Kondratenya,327-486-7536,gkondratenya14@tinypic.com,95658 Corben Avenue
Elaina Godspede,765-126-3024,lmather15@nature.com,Lauren Mather,289-954-5901,lmather15@ucsd.edu,1978 Comanche Pass
Dinah Minear,383-428-5137,celliker16@qq.com,Care Elliker,445-628-5245,celliker16@reddit.com,2091 Menomonie Center
Evaleen Proughten,392-231-2439,baylin17@va.gov,Braden Aylin,252-399-3494,baylin17@quantcast.com,0 Johnson Road
Engelbert Belfitt,709-856-0538,rcribbott18@bing.com,Reider Cribbott,254-222-9351,rcribbott18@reverbnation.com,5 Acker Junction
Brnaba Tumielli,705-449-4824,gconniam19@archive.org,Genna Conniam,858-393-8773,gconniam19@smugmug.com,83910 David Hill
Filide Malek,994-443-7445,jhardin1a@wsj.com,Jerrilee Hardin,507-637-8325,jhardin1a@jiathis.com,38 Spenser Center
Rhoda Abbison,312-334-9911,lnormanville1b@acquirethisname.com,Lil Normanville,598-407-0387,lnormanville1b@fda.gov,183 Grasskamp Avenue
Hi Ridout,591-873-8236,rhassewell1c@technorati.com,Rees Hassewell,952-788-4055,rhassewell1c@github.com,53 Old Shore Park
Bernetta Tirkin,485-399-1249,ekewzick1d@tripod.com,Elinor Kewzick,595-337-5749,ekewzick1d@ucsd.edu,7950 Sauthoff Terrace
Kikelia Westman,860-755-2232,tmuir1e@nps.gov,Tiebout Muir,180-940-7638,tmuir1e@netscape.com,343 Michigan Circle
Ranice Ettritch,473-762-1699,dlamort1f@w3.org,Denyse Lamort,584-309-0368,dlamort1f@cbslocal.com,44081 Farmco Street
Holden Hargraves,346-329-3963,vellins1g@fema.gov,Vinnie Ellins,116-900-7823,vellins1g@cornell.edu,4589 Granby Way
Lonni Gorstidge,763-592-8137,grapps1h@upenn.edu,Gerianna Rapps,311-977-1759,grapps1h@istockphoto.com,9 Arkansas Parkway
Carl Thing,123-691-9304,ccastro1i@hugedomains.com,Cull Castro,769-665-8247,ccastro1i@jugem.jp,5663 Eagan Pass
Heath McCart,364-637-8618,vskilbeck1j@scientificamerican.com,Vincenty Skilbeck,182-588-4816,vskilbeck1j@census.gov,12571 Ridgeway Crossing
Rickie Wimpress,513-778-5954,gkeaves1k@soundcloud.com,Grover Keaves,142-150-2231,gkeaves1k@narod.ru,3295 Hintze Circle
Dane Thornley,904-596-0115,hriccardini1l@wikispaces.com,Harlen Riccardini,260-930-9581,hriccardini1l@princeton.edu,8378 Delaware Drive
Lanie Nellen,223-974-7908,jaitcheson1m@yellowpages.com,Jarrad Aitcheson,642-749-7069,jaitcheson1m@oaic.gov.au,3676 Anthes Point
Earl Topes,829-537-6273,dcrippell1n@twitpic.com,Dee Crippell,294-900-9178,dcrippell1n@imdb.com,1 Thierer Place
Dave McIntosh,438-182-0289,warmfirld1o@vimeo.com,Wileen Armfirld,343-527-0615,warmfirld1o@prnewswire.com,9 Hagan Point
Leeland Mapis,957-758-2640,rhacquel1p@g.co,Ruthe Hacquel,112-635-7201,rhacquel1p@unblog.fr,269 Boyd Drive
Orelle Fripps,269-114-9477,edonise1q@digg.com,Evered D'Onise,143-952-7687,edonise1q@wix.com,7 Monica Center
Wanda Haquard,997-476-6213,gpaulack1r@jalbum.net,Gloriana Paulack,136-322-6594,gpaulack1r@patch.com,95222 New Castle Crossing
Rodolphe Ghelardi,366-722-7043,tprice1s@bloglines.com,Tod Price,963-741-9940,tprice1s@unblog.fr,3 Steensland Circle
Joice Ellingworth,206-648-9078,jborsay1t@goodreads.com,Jacqui Borsay,829-871-6522,jborsay1t@soup.io,78999 Gulseth Parkway
Vevay Lovett,253-322-1088,rfoss1u@tinypic.com,Rolfe Foss,556-467-2621,rfoss1u@ed.gov,36 Acker Center
Alexio Brakewell,216-172-0609,abaytrop1v@japanpost.jp,Arty Baytrop,575-970-5946,abaytrop1v@miibeian.gov.cn,701 American Circle
Noel Yeiles,240-849-2330,ktarquini1w@parallels.com,Keelia Tarquini,972-531-0325,ktarquini1w@free.fr,69 Reinke Road
Gale Ottey,456-302-4955,bnuton1x@nih.gov,Bear Nuton,479-890-1883,bnuton1x@mapquest.com,9 Evergreen Street
Quintilla Elsy,857-384-7861,bblindmann1y@meetup.com,Benedikta Blindmann,745-547-7786,bblindmann1y@smugmug.com,76941 Roxbury Street
Ambrosius Handrok,383-873-9954,bparley1z@friendfeed.com,Bernelle Parley,549-103-7500,bparley1z@histats.com,8201 Beilfuss Center
Arlina Mizen,135-598-3261,kjonas20@engadget.com,Kiley Jonas,914-715-2742,kjonas20@admin.ch,29742 Merrick Drive
Teddie Epgrave,100-754-9243,tpaye21@google.pl,Toddie Paye,539-295-0672,tpaye21@uiuc.edu,31911 Independence Trail
Florry McCafferky,986-120-9144,jkohrding22@google.co.jp,Jeffrey Kohrding,674-648-5736,jkohrding22@icio.us,2353 Old Shore Avenue
Farica Dumsday,691-405-2897,fsargerson23@alexa.com,Frannie Sargerson,454-857-8036,fsargerson23@reuters.com,5559 Moland Place
Valaria Malyon,465-311-7050,bhatchman24@wunderground.com,Brynna Hatchman,812-146-8249,bhatchman24@slate.com,4 Lakeland Pass
Vonni Middleweek,834-125-7856,jgaylord25@google.com,Judie Gaylord,901-301-1922,jgaylord25@thetimes.co.uk,9 Hansons Street
Melisande Scothorn,358-872-9657,ngaine26@issuu.com,Nanete Gaine,731-689-4868,ngaine26@dailymotion.com,227 Nancy Way
Laurence Stathor,321-434-2865,edargan27@businessinsider.com,Eugenio Dargan,910-433-3520,edargan27@facebook.com,980 Shelley Place
Kalli Mapledorum,404-262-4263,bbrown28@printfriendly.com,Baillie Brown,628-724-8187,bbrown28@flavors.me,1253 Mandrake Way
Thane Selland,313-795-7928,cdossettor29@statcounter.com,Claudie Dossettor,401-486-0564,cdossettor29@macromedia.com,7721 Schlimgen Park
Brook McBeith,530-122-6975,cminster2a@163.com,Clemence Minster,706-938-9834,cminster2a@senate.gov,75400 Jackson Circle
Riccardo Rimmington,941-618-5124,emccallam2b@spiegel.de,Eugine McCallam,393-141-4186,emccallam2b@sogou.com,209 Sutteridge Avenue
Crystal Comino,130-260-1661,platerza2c@gravatar.com,Perla Laterza,964-317-5426,platerza2c@hud.gov,52 Thierer Parkway
Truman Braidon,435-778-3698,zjelfs2d@uol.com.br,Zuzana Jelfs,366-389-1260,zjelfs2d@printfriendly.com,29 Maple Wood Terrace
Bev Towsey,489-778-8168,cbarnet2e@paypal.com,Corinne Barnet,579-373-0336,cbarnet2e@patch.com,9829 Dahle Parkway
Keefe Challenor,888-806-0074,kde2f@epa.gov,Kenneth De Filippo,153-186-6016,kde2f@reference.com,22940 Alpine Terrace
Randolph Halksworth,325-771-2876,tgammell2g@earthlink.net,Tobe Gammell,850-423-5456,tgammell2g@rakuten.co.jp,44372 Vermont Hill
Glenna Pendell,337-183-2709,whoyer2h@bluehost.com,Wynn Hoyer,782-483-7319,whoyer2h@addthis.com,423 Waubesa Way
Chelsae Indgs,977-431-3015,lrayhill2i@epa.gov,Latashia Rayhill,118-260-8390,lrayhill2i@dmoz.org,620 Clyde Gallagher Place
Anatol Bestwerthick,425-534-1079,bbuscher2j@scribd.com,Berry Buscher,717-385-4456,bbuscher2j@facebook.com,41 Stone Corner Way
Harrie Vaggers,383-253-7519,nmaton2k@businesswire.com,Norri Maton,888-863-9366,nmaton2k@diigo.com,476 Del Sol Center
Elizabet Elcoat,253-642-7729,hhyatt2l@cloudflare.com,Helge Hyatt,355-932-5873,hhyatt2l@nytimes.com,448 Sundown Trail
Miguela Baptist,510-588-3737,scossar2m@patch.com,Sabrina Cossar,934-607-5083,scossar2m@hugedomains.com,6771 Basil Crossing
Toni Arent,829-410-5313,hmcneigh2n@jugem.jp,Hazel McNeigh,932-402-3186,hmcneigh2n@loc.gov,82 Northport Alley
Margery Lascell,427-473-5233,ibittleson2o@com.com,Isidore Bittleson,578-240-7799,ibittleson2o@bigcartel.com,35 Lake View Crossing
Bennie Cuckoo,330-718-7992,tbigley2p@nasa.gov,Thorpe Bigley,756-401-4537,tbigley2p@apache.org,4 Banding Lane
Garner Walework,655-436-1126,bmaycock2q@moonfruit.com,Berni Maycock,988-122-8716,bmaycock2q@desdev.cn,3 Cordelia Court
Saxe McKeefry,154-136-8942,tmatthis2r@wikispaces.com,Tomasina Matthis,919-982-3018,tmatthis2r@taobao.com,06041 Randy Pass
Chery Swinfon,526-616-6114,hcosyns2s@nasa.gov,Hayley Cosyns,449-916-2262,hcosyns2s@yandex.ru,07 Hudson Center
Querida McFarlane,204-248-2628,browth2t@narod.ru,Birk Rowth,327-448-3465,browth2t@sitemeter.com,55 Gulseth Place
Mano Simony,527-300-9116,tmacvean2u@spotify.com,Thornie MacVean,423-740-6829,tmacvean2u@nationalgeographic.com,92 Monterey Drive
Chester Twallin,753-318-7617,nclever2v@usatoday.com,Nicola Clever,926-134-3740,nclever2v@mit.edu,904 Southridge Court
Codi Powell,289-815-8612,rrosso2w@ow.ly,Rick Rosso,578-770-4599,rrosso2w@shop-pro.jp,44495 Clove Lane
Dewie Stovell,680-151-5973,gshewring2x@moonfruit.com,Gigi Shewring,255-748-1915,gshewring2x@baidu.com,687 Clemons Center
Stacey Horsey,168-922-4616,pcode2y@marketwatch.com,Patten Code,404-260-9046,pcode2y@mapquest.com,91 East Center
Osbourne Proud,152-822-9232,cstonhouse2z@samsung.com,Crawford Stonhouse,694-716-4079,cstonhouse2z@wunderground.com,1 Roxbury Parkway
Jeramey Durrand,508-946-8079,mcahalin30@blinklist.com,Maxy Cahalin,349-361-9803,mcahalin30@toplist.cz,6 South Parkway
Ole Bosworth,433-988-9088,tchurcher31@google.fr,Therine Churcher,686-736-0932,tchurcher31@deliciousdays.com,7 Haas Hill
Blisse O'Kinneally,456-321-2778,msimonetto32@cam.ac.uk,Marget Simonetto,401-479-6043,msimonetto32@usa.gov,9 Clarendon Court
Helge Josipovitz,280-190-7411,rpinchen33@stanford.edu,Rod Pinchen,718-138-7193,rpinchen33@hibu.com,2738 Portage Avenue
Iggie Blackmuir,397-998-2364,lmatts34@businessinsider.com,Levin Matts,766-740-5479,lmatts34@narod.ru,8426 Northport Hill
Berkly Greger,396-566-7439,igetcliffe35@yahoo.com,Ianthe Getcliffe,832-177-2703,igetcliffe35@fotki.com,450 John Wall Pass
Norman Tabb,600-627-6223,ccasel36@istockphoto.com,Calvin Casel,834-245-6502,ccasel36@china.com.cn,788 Waywood Circle
Alessandro Brack,715-490-8588,mhorwell37@zimbio.com,Michel Horwell,326-876-2894,mhorwell37@jalbum.net,5973 Bowman Terrace
Paulie Whight,469-524-9986,ajanousek38@sourceforge.net,Ardelia Janousek,116-460-9887,ajanousek38@stanford.edu,14 Elmside Way
Nicholle Doran,939-123-0667,wwatchorn39@msn.com,Wilburt Watchorn,943-618-2739,wwatchorn39@tinyurl.com,577 6th Center
Flossy Mynett,564-658-4434,dsam3a@issuu.com,Donica Sam,281-359-4968,dsam3a@miitbeian.gov.cn,703 Maple Wood Court
Antonio Dell'Abbate,116-602-0749,storald3b@wunderground.com,Sherlock Torald,343-787-3207,storald3b@friendfeed.com,41 Hoard Way
Dehlia Son,852-703-9363,okeeble3c@oakley.com,Olivero Keeble,315-785-3798,okeeble3c@smugmug.com,70476 Schlimgen Court
Tobias Kingcote,515-790-7544,msidaway3d@sohu.com,Marjorie Sidaway,797-323-5192,msidaway3d@disqus.com,0 Melvin Circle
Oliy Lindsley,216-839-5075,keichmann3e@google.de,Kevina Eichmann,268-704-2521,keichmann3e@ezinearticles.com,75 Weeping Birch Point
Yanaton Spindler,770-124-8780,dla3f@wufoo.com,Drake La Vigne,761-338-1872,dla3f@adobe.com,24919 Old Shore Center
Jaquenette Demange,391-952-8889,blaming3g@hhs.gov,Benjamin Laming,886-337-1861,blaming3g@prlog.org,7133 Forest Dale Hill
Wandis Brookson,520-557-3493,sfrayne3h@tinypic.com,Suzanna Frayne,524-362-8668,sfrayne3h@nationalgeographic.com,22633 Thompson Park
Stavro Gorghetto,151-458-8570,lbidewell3i@ed.gov,Laurens Bidewell,435-528-4591,lbidewell3i@sphinn.com,0410 Doe Crossing Avenue
Kelbee O'Hengerty,378-810-0361,ablunden3j@exblog.jp,Alix Blunden,621-651-7365,ablunden3j@wp.com,4605 Derek Parkway
Raff Kenefick,856-144-1460,badam3k@sphinn.com,Byrom Adam,776-710-9798,badam3k@independent.co.uk,026 Sherman Hill
Barney Carnaman,827-214-5482,eskyme3l@wikimedia.org,Erda Skyme,678-982-5843,eskyme3l@arstechnica.com,42403 Armistice Center
Amity Persse,303-601-8724,adransfield3m@dailymail.co.uk,Alonzo Dransfield,646-336-6198,adransfield3m@51.la,38879 Colorado Park
Filia Featherby,874-642-2414,tpabel3n@google.co.uk,Thaxter Pabel,358-795-7905,tpabel3n@intel.com,2 Riverside Trail
Pearla Farden,573-499-8717,cbartozzi3o@sohu.com,Cole Bartozzi,604-851-1608,cbartozzi3o@weibo.com,6 Clarendon Plaza
Hurleigh Benedito,842-631-8223,mcrawcour3p@eventbrite.com,Merill Crawcour,434-483-1484,mcrawcour3p@acquirethisname.com,02771 Oak Circle
Albert Malins,422-706-0505,vpickring3q@surveymonkey.com,Vinson Pickring,832-227-9279,vpickring3q@hibu.com,7365 Oak Valley Way
Ardra Offen,537-467-1703,gmoncur3r@acquirethisname.com,Galven Moncur,906-932-9285,gmoncur3r@bluehost.com,51571 Talmadge Terrace
Carri Creebo,264-100-3051,noxbe3s@sciencedaily.com,Nan Oxbe,141-346-7665,noxbe3s@globo.com,56 Old Shore Road
Siobhan Pugsley,589-754-6866,bmacmoyer3t@pagesperso-orange.fr,Britni MacMoyer,295-592-0762,bmacmoyer3t@posterous.com,083 Lyons Way
Dolli Ginman,554-781-0369,mpriter3u@biglobe.ne.jp,Maurie Priter,145-476-9674,mpriter3u@sogou.com,0 Clove Terrace
Louisa Menure,949-908-5503,aclogg3v@ibm.com,Annis Clogg,360-996-1596,aclogg3v@reuters.com,47 Lillian Way
Correna Shakeshaft,890-316-5148,cscutcheon3w@so-net.ne.jp,Cyndy Scutcheon,350-813-2305,cscutcheon3w@dedecms.com,8290 Vernon Court
Forrester Whittek,280-301-5044,ygebhard3x@weather.com,Yetty Gebhard,160-545-4713,ygebhard3x@w3.org,2259 Everett Park
Henry Easterfield,688-830-2665,bellinor3y@joomla.org,Brietta Ellinor,260-615-9025,bellinor3y@springer.com,76138 Merchant Way
Tirrell Badsey,534-231-1539,kkindle3z@xrea.com,Kacey Kindle,183-751-9317,kkindle3z@cdc.gov,0 Eggendart Hill
Amie Dwelly,188-139-5579,tmaccallister40@google.ca,Tam MacCallister,766-530-4089,tmaccallister40@archive.org,4032 Superior Terrace
Regan Titchener,805-362-5120,lgrisley41@pen.io,Lucius Grisley,818-526-9687,lgrisley41@multiply.com,89992 Lawn Center
Raimundo McPhelimy,853-876-8058,alyngsted42@gov.uk,Asher Lyngsted,218-225-0681,alyngsted42@xing.com,32 Ridgeview Center
Marshall Moberley,764-645-5822,mmcilrath43@cornell.edu,Michelle McIlrath,897-572-3691,mmcilrath43@redcross.org,4 Commercial Court
Mallissa Pounds,369-799-4039,ktrobey44@netlog.com,Kelly Trobey,258-555-0222,ktrobey44@pbs.org,65 South Hill
Godiva Crowther,547-382-0801,mharroll45@whitehouse.gov,Melissa Harroll,493-752-5125,mharroll45@eepurl.com,406 Welch Pass
Fonzie Sandbatch,511-646-0341,scridge46@berkeley.edu,Sharia Cridge,402-148-5148,scridge46@bluehost.com,031 Prairieview Drive
Chadd Tavernor,694-631-8638,tcosans47@craigslist.org,Tuckie Cosans,230-278-1732,tcosans47@go.com,16 Arizona Circle
Langston Ballintime,730-132-1799,vhavelin48@elpais.com,Verla Havelin,414-338-3073,vhavelin48@ask.com,01008 Cody Center
Haroun Halliburton,239-698-9571,ldaybell49@skyrock.com,Leisha Daybell,229-550-1800,ldaybell49@nytimes.com,1382 American Alley
Pammi Morpeth,778-751-9402,nbaudou4a@is.gd,Nerta Baudou,936-785-9967,nbaudou4a@cornell.edu,874 Lindbergh Circle
Allen Woollons,253-825-3365,gmorrott4b@npr.org,Gracie Morrott,786-262-4841,gmorrott4b@qq.com,36094 Anderson Avenue
Talbot Goodlud,547-617-0679,jlohering4c@typepad.com,Joshuah Lohering,985-282-5961,jlohering4c@flavors.me,61 Raven Court
Linus Kinahan,483-714-5265,larchbould4d@hhs.gov,Ludovico Archbould,195-523-5512,larchbould4d@amazonaws.com,1 Rutledge Street
Celine Begin,734-389-9588,hvouls4e@cnbc.com,Hashim Vouls,965-697-0949,hvouls4e@freewebs.com,017 Sachtjen Terrace
Hope O'Dowgaine,314-544-8388,kkille4f@jugem.jp,Keir Kille,131-625-6349,kkille4f@goo.ne.jp,4024 Elmside Way
Keely Leving,243-626-5535,tbushill4g@tinyurl.com,Thorstein Bushill,913-713-2700,tbushill4g@cargocollective.com,73 Namekagon Circle
Lexie Necrews,823-109-1714,mfedoronko4h@meetup.com,Modestine Fedoronko,287-929-4908,mfedoronko4h@usatoday.com,9 High Crossing Avenue
Sandy Davidesco,206-546-4568,gseward4i@youtube.com,Gunilla Seward,535-817-2387,gseward4i@boston.com,6899 Dahle Street
Rebeca Crum,575-966-2445,dsibthorp4j@163.com,Dell Sibthorp,910-202-5963,dsibthorp4j@washingtonpost.com,166 Fremont Court
Lock Simonel,866-198-4822,whuxham4k@oakley.com,Winfield Huxham,669-511-1794,whuxham4k@apple.com,03 Dunning Parkway
Lainey Gilhouley,361-119-8996,ztruse4l@uol.com.br,Zachary Truse,665-794-4962,ztruse4l@latimes.com,43 Jana Road
Thom Hainsworth,620-809-7801,jwalkey4m@reddit.com,Jacklin Walkey,973-147-2679,jwalkey4m@hibu.com,0 Reindahl Park
Kiri Bampton,532-426-4543,ccansdell4n@bloomberg.com,Candra Cansdell,473-210-0991,ccansdell4n@g.co,4 Mifflin Circle
Salmon Strafen,244-430-4592,eedgler4o@jiathis.com,Eveline Edgler,836-582-0683,eedgler4o@blogger.com,1 Anniversary Junction
Fidel Grimsdell,939-722-3721,esykes4p@geocities.com,Eddy Sykes,753-990-3600,esykes4p@nationalgeographic.com,98 Dennis Court
Ranice Brant,239-939-0690,ifreda4q@washington.edu,Isidoro Freda,349-736-8674,ifreda4q@utexas.edu,7 Talisman Street
Sansone Shearsby,111-471-1840,jtrump4r@google.ru,Joana Trump,537-430-2512,jtrump4r@clickbank.net,94539 Southridge Park
Thurstan Mervyn,667-750-6432,rpennuzzi4s@mysql.com,Rose Pennuzzi,162-883-9615,rpennuzzi4s@amazon.co.uk,5 Drewry Drive
Mildred Filyashin,166-798-4191,sforshaw4t@census.gov,Siffre Forshaw,910-638-9674,sforshaw4t@youtube.com,574 Kim Circle
Nadine Thinn,473-315-8217,lhartrick4u@simplemachines.org,Leroy Hartrick,893-271-3738,lhartrick4u@spiegel.de,5 3rd Hill
Claudie Mateo,421-283-4404,nwhitcombe4v@hatena.ne.jp,Northrop Whitcombe,746-427-5005,nwhitcombe4v@stanford.edu,78231 Spaight Parkway
Kimbell McGrady,505-268-1144,umurford4w@ezinearticles.com,Uri Murford,417-488-1341,umurford4w@statcounter.com,892 Becker Way
Collete Trodler,606-810-7634,gjaffa4x@cocolog-nifty.com,Gay Jaffa,425-947-7295,gjaffa4x@1688.com,098 Brown Circle
Mohandis Heinz,551-539-1021,sogden4y@list-manage.com,Sybyl Ogden,931-757-6008,sogden4y@alexa.com,53 Roxbury Circle
Batholomew Haythornthwaite,483-511-7130,ltrench4z@taobao.com,Lissi Trench,984-696-5424,ltrench4z@diigo.com,79 Messerschmidt Lane
Gris Hunnicot,930-454-7200,wmuddle50@ucla.edu,Wilone Muddle,572-547-9137,wmuddle50@cocolog-nifty.com,96667 Canary Avenue
Giusto Mulcock,172-163-0666,kpilcher51@paginegialle.it,Kevina Pilcher,440-572-2588,kpilcher51@macromedia.com,3 Basil Point
Cherin Finey,242-150-2667,rgowanlock52@csmonitor.com,Rivkah Gowanlock,341-657-7443,rgowanlock52@goo.ne.jp,64 Clarendon Hill
Shayne Faiers,315-457-3701,kjenson53@cnet.com,Krystle Jenson,745-727-6268,kjenson53@live.com,094 Meadow Valley Circle
Melisenda Venners,825-572-6225,ntwinbrow54@vimeo.com,Neale Twinbrow,503-846-7622,ntwinbrow54@wufoo.com,7557 Riverside Lane
Alyosha Enston,320-722-1283,carchley55@tmall.com,Concordia Archley,908-953-4645,carchley55@cbsnews.com,2 Independence Park
Drud Berget,808-858-2812,bcummungs56@last.fm,Britta Cummungs,901-543-9600,bcummungs56@apple.com,78572 Sunbrook Court
Ursuline Pruce,134-690-0037,wnibley57@yellowpages.com,Wilbur Nibley,133-171-1131,wnibley57@guardian.co.uk,452 Schlimgen Alley
Grantham Barthod,480-113-0526,aheathcoat58@epa.gov,Agata Heathcoat,141-431-3209,aheathcoat58@people.com.cn,47 Bartillon Circle
Alex Pallin,582-977-5564,cbakster59@gov.uk,Carley Bakster,738-396-7858,cbakster59@columbia.edu,03 Alpine Court
Caria Notti,580-110-5804,jnormavell5a@artisteer.com,Jordan Normavell,862-151-5691,jnormavell5a@samsung.com,99 Lakewood Gardens Circle
Danella Jephcote,907-389-9154,bhitschke5b@addthis.com,Blair Hitschke,181-268-8072,bhitschke5b@infoseek.co.jp,04 American Ash Hill
Ross Este,859-308-0983,wvogl5c@sciencedaily.com,Waiter Vogl,256-601-5021,wvogl5c@apache.org,2003 Shopko Hill
Hazel Capaldi,324-327-2922,aposner5d@kickstarter.com,Ashla Posner,511-809-4814,aposner5d@bloglovin.com,62 Duke Drive
Kamillah Bannell,959-386-1375,efazan5e@hud.gov,Erroll Fazan,684-295-3256,efazan5e@typepad.com,3 Petterle Pass
Jacqueline Barnett,588-896-7379,agypson5f@tinypic.com,Abbi Gypson,560-552-0441,agypson5f@examiner.com,73 Sutteridge Parkway
Patience Castleman,203-755-2352,esircomb5g@facebook.com,Eduino Sircomb,970-238-6768,esircomb5g@google.fr,55 Badeau Center
Michail Lithgow,630-645-6041,gbampforth5h@ow.ly,Grannie Bampforth,587-738-8652,gbampforth5h@elegantthemes.com,45581 Thackeray Point
Clayton Taber,865-400-9436,crainard5i@geocities.com,Colas Rainard,488-676-5697,crainard5i@foxnews.com,4 Vermont Road
Eugene Creany,546-264-3862,tpettipher5j@php.net,Timotheus Pettipher,317-784-1246,tpettipher5j@163.com,3066 Grayhawk Hill
Mildred Ferrant,437-682-3560,gsabie5k@answers.com,Glyn Sabie,450-285-1680,gsabie5k@goo.ne.jp,311 Fair Oaks Pass
Junette Bulle,174-126-3178,tdimmer5l@psu.edu,Toma Dimmer,616-575-5887,tdimmer5l@jiathis.com,3486 Toban Place
Terence Wynne,637-276-7179,akilliam5m@businessweek.com,Alanna Killiam,754-347-1752,akilliam5m@printfriendly.com,216 Goodland Avenue
Joseph Cordsen,916-443-2231,fasals5n@economist.com,Fabiano Asals,894-116-4293,fasals5n@fda.gov,6516 Grasskamp Avenue
Andra Cuzen,519-202-7505,igelder5o@opera.com,Ivonne Gelder,316-791-8826,igelder5o@scribd.com,5320 Leroy Hill
Eryn Belliard,671-132-2811,ydhooge5p@naver.com,Ynez D'Hooge,585-515-8097,ydhooge5p@bigcartel.com,303 Elmside Street
Jackson Avesque,977-371-0594,wwhild5q@angelfire.com,William Whild,137-186-2528,wwhild5q@sitemeter.com,37 Sunbrook Drive
Arne Bullick,772-478-2158,lfincher5r@angelfire.com,Lainey Fincher,266-111-5956,lfincher5r@census.gov,44 Esker Parkway
Niles Bocock,521-662-5142,apaulig5s@privacy.gov.au,Albina Paulig,880-868-1613,apaulig5s@360.cn,7 Northfield Terrace
Corinna Padson,836-116-3407,ddungey5t@plala.or.jp,Dwight Dungey,685-650-2392,ddungey5t@microsoft.com,7 Oneill Park
Audy Fetterplace,310-586-5991,fmallia5u@ebay.co.uk,Fitzgerald Mallia,416-902-3105,fmallia5u@clickbank.net,5 Prairie Rose Parkway
Jere O'Connell,473-259-2435,rgarter5v@epa.gov,Rafael Garter,450-803-0591,rgarter5v@tuttocitta.it,621 Moulton Place
Feliks De Freyne,349-984-9231,gwrates5w@myspace.com,Gladi Wrates,481-457-9363,gwrates5w@ycombinator.com,4 Tony Trail
Crista Schimonek,624-277-2697,eyesinov5x@ovh.net,Elyssa Yesinov,125-468-8958,eyesinov5x@ucoz.ru,255 Schurz Avenue
Louella Jira,130-673-7616,amisson5y@flickr.com,Adorne Misson,259-235-2877,amisson5y@disqus.com,5 Lotheville Parkway
Maybelle Yegorov,993-748-4956,mlumbly5z@bloomberg.com,Modestia Lumbly,914-882-9837,mlumbly5z@trellian.com,91 Oriole Place
Bianka Glandon,651-356-1546,ajurn60@upenn.edu,Angie Jurn,164-790-5997,ajurn60@google.cn,0 Bay Park
Alford Stollenhof,347-370-5774,gprati61@blog.com,Georgeanna Prati,613-212-2591,gprati61@intel.com,0 Fair Oaks Pass
Clara Waine,201-503-3541,cdigginson62@cnbc.com,Celestia Digginson,551-117-2915,cdigginson62@linkedin.com,5719 Dennis Place
Chryste Peckett,396-768-9017,lbuye63@nature.com,Lorena Buye,134-865-6593,lbuye63@bluehost.com,67 Debs Lane
Yance Barrows,480-856-1046,hadao64@washington.edu,Hayward Adao,170-675-3871,hadao64@topsy.com,9 Waywood Center
Willis Cawkill,418-221-3527,smattke65@businesswire.com,Shir Mattke,992-541-7272,smattke65@wsj.com,40 Charing Cross Plaza
Welch Adolphine,266-340-9172,icuniam66@sbwire.com,Iorgo Cuniam,395-505-4567,icuniam66@nsw.gov.au,5964 Gina Plaza
Angy Stoneham,203-365-4475,mfletcher67@woothemes.com,Melisande Fletcher,874-756-7301,mfletcher67@apple.com,778 Rigney Way
Clo Pinare,955-395-3349,arefford68@exblog.jp,Aloise Refford,991-980-1565,arefford68@oaic.gov.au,307 Blackbird Hill
Leticia Couling,190-523-4352,hglass69@wordpress.org,Hayden Glass,119-188-4576,hglass69@mail.ru,70 Kensington Lane
Emilia Nelthrop,991-439-7814,cbrenston6a@wordpress.com,Candy Brenston,145-233-0068,cbrenston6a@harvard.edu,003 Jana Crossing
Grace McClinton,934-529-5745,abraunes6b@disqus.com,Ahmad Braunes,683-307-2368,abraunes6b@weebly.com,2 Welch Junction
Rube Theurer,217-123-2563,aurrey6c@wisc.edu,Addy Urrey,626-567-9114,aurrey6c@ibm.com,05488 Forest Dale Crossing
Nancey Urling,461-586-5144,jrambadt6d@mtv.com,Jodie Rambadt,685-730-6415,jrambadt6d@ft.com,3078 Heffernan Drive
Rory Mahedy,815-480-8933,smccard6e@google.co.uk,Sosanna McCard,914-786-0695,smccard6e@indiegogo.com,5 Columbus Alley
Chrissie Strewthers,969-917-9292,lprandoni6f@chronoengine.com,Loella Prandoni,639-421-9487,lprandoni6f@chronoengine.com,28 Mallory Trail
Holly Relton,123-874-1192,rmungham6g@dot.gov,Ruddy Mungham,289-715-4214,rmungham6g@cnbc.com,626 American Junction
Lyndel Pethybridge,392-764-2626,amorsom6h@amazon.com,Allis Morsom,778-720-2200,amorsom6h@topsy.com,95 Grayhawk Terrace
Josy Bourthouloume,428-357-8430,jwhilder6i@chronoengine.com,Johnathon Whilder,392-268-7982,jwhilder6i@cisco.com,5436 Loftsgordon Way
Lanette Ivins,979-626-6392,sbundock6j@cargocollective.com,Sargent Bundock,922-227-8440,sbundock6j@bizjournals.com,78 Reindahl Park
Nealson Dogerty,144-252-8020,lfewkes6k@craigslist.org,Lemar Fewkes,398-839-7020,lfewkes6k@godaddy.com,27472 Lighthouse Bay Circle
Janessa Panswick,865-342-0752,rmassie6l@geocities.com,Rayshell Massie,727-118-7670,rmassie6l@wunderground.com,3 Vidon Drive
Langston Crosser,173-440-8065,smcgrouther6m@discovery.com,Shannan McGrouther,469-547-6751,smcgrouther6m@sakura.ne.jp,59714 Fairview Lane
Carine Clews,320-331-0623,sashbe6n@reuters.com,Scarlet Ashbe,288-371-1858,sashbe6n@cdc.gov,678 Sunnyside Way